Test,Vertices,filename,Brute Force,Brute Force Time,Heuristic,Heuristic Time
9,5,"7/test_v(5)_p([0.02, 0.6])_no(9).txt",2,0.0041005611419677734,2,0.0008978843688964844
4,15,"7/test_v(15)_p([0.02, 0.6])_no(4).txt",7,0.012198686599731445,7,0.0016071796417236328
19,15,"7/test_v(15)_p([0.02, 0.6])_no(19).txt",3,0.009956121444702148,3,0.013150930404663086
14,25,"7/test_v(25)_p([0.02, 0.6])_no(14).txt",5,0.010729789733886719,5,0.0592036247253418
9,35,"7/test_v(35)_p([0.02, 0.6])_no(9).txt",4,0.15070033073425293,4,0.20043706893920898
4,45,"7/test_v(45)_p([0.02, 0.6])_no(4).txt",7,0.2703530788421631,7,0.1380932331085205
19,45,"7/test_v(45)_p([0.02, 0.6])_no(19).txt",5,0.6442737579345703,5,0.5122723579406738
14,55,"7/test_v(55)_p([0.02, 0.6])_no(14).txt",7,0.9754772186279297,7,1.0942461490631104
9,65,"7/test_v(65)_p([0.02, 0.6])_no(9).txt",5,0.21350884437561035,5,3.297419786453247
