Test,Vertices,filename,Brute Force,Brute Force Time,Heuristic,Heuristic Time
5,5,"7/test_v(5)_p([0.02, 0.6])_no(5).txt",2,0.010665655136108398,2,0.001039266586303711
0,15,"7/test_v(15)_p([0.02, 0.6])_no(0).txt",6,0.0050890445709228516,6,0.0034983158111572266
15,15,"7/test_v(15)_p([0.02, 0.6])_no(15).txt",4,0.014160871505737305,4,0.0019145011901855469
10,25,"7/test_v(25)_p([0.02, 0.6])_no(10).txt",7,0.026164770126342773,7,0.008202552795410156
5,35,"7/test_v(35)_p([0.02, 0.6])_no(5).txt",14,10.93265986442566,14,0.146376371383667
0,45,"7/test_v(45)_p([0.02, 0.6])_no(0).txt",9,1.7892754077911377,8,0.12843656539916992
15,45,"7/test_v(45)_p([0.02, 0.6])_no(15).txt",4,0.12655210494995117,3,0.8386538028717041
10,55,"7/test_v(55)_p([0.02, 0.6])_no(10).txt",8,1.057149887084961,8,0.9861602783203125
5,65,"7/test_v(65)_p([0.02, 0.6])_no(5).txt",15,491.19922137260437,14,0.30988359451293945
