Test,Vertices,filename,Brute Force,Brute Force Time,Heuristic,Heuristic Time
11,5,"7/test_v(5)_p([0.02, 0.6])_no(11).txt",2,0.003323078155517578,2,0.0012466907501220703
6,15,"7/test_v(15)_p([0.02, 0.6])_no(6).txt",6,0.012247085571289062,5,0.00413966178894043
1,25,"7/test_v(25)_p([0.02, 0.6])_no(1).txt",6,0.0676729679107666,6,0.011394977569580078
16,25,"7/test_v(25)_p([0.02, 0.6])_no(16).txt",12,0.8968870639801025,11,0.06711077690124512
11,35,"7/test_v(35)_p([0.02, 0.6])_no(11).txt",4,0.16654181480407715,4,0.17067503929138184
6,45,"7/test_v(45)_p([0.02, 0.6])_no(6).txt",7,0.2525911331176758,6,0.44539618492126465
1,55,"7/test_v(55)_p([0.02, 0.6])_no(1).txt",9,2.2392807006835938,9,0.5634968280792236
16,55,"7/test_v(55)_p([0.02, 0.6])_no(16).txt",15,329.61984276771545,14,0.2908158302307129
11,65,"7/test_v(65)_p([0.02, 0.6])_no(11).txt",8,2.5350077152252197,8,1.4529192447662354
