Test,Vertices,filename,Brute Force,Brute Force Time,Heuristic,Heuristic Time
14,5,"7/test_v(5)_p([0.02, 0.6])_no(14).txt",2,0.018909454345703125,2,0.002526521682739258
9,15,"7/test_v(15)_p([0.02, 0.6])_no(9).txt",5,0.016637563705444336,5,0.003774881362915039
4,25,"7/test_v(25)_p([0.02, 0.6])_no(4).txt",5,0.015029191970825195,5,0.013538122177124023
19,25,"7/test_v(25)_p([0.02, 0.6])_no(19).txt",9,0.2654743194580078,9,0.07744646072387695
14,35,"7/test_v(35)_p([0.02, 0.6])_no(14).txt",8,0.694082498550415,8,0.05849432945251465
9,45,"7/test_v(45)_p([0.02, 0.6])_no(9).txt",10,1.4640707969665527,9,0.5234119892120361
4,55,"7/test_v(55)_p([0.02, 0.6])_no(4).txt",6,0.4507908821105957,6,1.811070442199707
19,55,"7/test_v(55)_p([0.02, 0.6])_no(19).txt",4,0.24434781074523926,4,2.224663257598877
14,65,"7/test_v(65)_p([0.02, 0.6])_no(14).txt",12,39.6045868396759,10,1.2306277751922607
