Test,Vertices,filename,Brute Force,Brute Force Time,Heuristic,Heuristic Time
7,5,"7/test_v(5)_p([0.02, 0.6])_no(7).txt",2,0.0023984909057617188,2,0.0009291172027587891
2,15,"7/test_v(15)_p([0.02, 0.6])_no(2).txt",3,0.005694150924682617,3,0.00764155387878418
17,15,"7/test_v(15)_p([0.02, 0.6])_no(17).txt",4,0.27216100692749023,4,0.03643345832824707
12,25,"7/test_v(25)_p([0.02, 0.6])_no(12).txt",8,0.59891676902771,7,0.07237768173217773
7,35,"7/test_v(35)_p([0.02, 0.6])_no(7).txt",5,0.11459088325500488,5,0.16410326957702637
2,45,"7/test_v(45)_p([0.02, 0.6])_no(2).txt",5,0.37212514877319336,5,0.35220909118652344
17,45,"7/test_v(45)_p([0.02, 0.6])_no(17).txt",5,0.4825747013092041,5,0.6632106304168701
12,55,"7/test_v(55)_p([0.02, 0.6])_no(12).txt",10,5.742749214172363,9,0.6531350612640381
7,65,"7/test_v(65)_p([0.02, 0.6])_no(7).txt",18,1582.8474271297455,17,0.0829920768737793
