Test,Vertices,filename,Brute Force,Brute Force Time,Heuristic,Heuristic Time
13,5,"7/test_v(5)_p([0.02, 0.6])_no(13).txt",2,0.005143404006958008,2,0.0014472007751464844
8,15,"7/test_v(15)_p([0.02, 0.6])_no(8).txt",4,0.015418052673339844,4,0.003551006317138672
3,25,"7/test_v(25)_p([0.02, 0.6])_no(3).txt",4,0.05310773849487305,4,0.026904582977294922
18,25,"7/test_v(25)_p([0.02, 0.6])_no(18).txt",7,0.1814720630645752,7,0.03645730018615723
13,35,"7/test_v(35)_p([0.02, 0.6])_no(13).txt",7,0.17239093780517578,7,0.12776660919189453
8,45,"7/test_v(45)_p([0.02, 0.6])_no(8).txt",8,0.526343822479248,8,0.16016817092895508
3,55,"7/test_v(55)_p([0.02, 0.6])_no(3).txt",9,2.5512259006500244,8,0.6498501300811768
18,55,"7/test_v(55)_p([0.02, 0.6])_no(18).txt",7,0.4777791500091553,6,1.5247130393981934
13,65,"7/test_v(65)_p([0.02, 0.6])_no(13).txt",7,1.064077615737915,7,1.7335331439971924
