Test,Vertices,filename,Brute Force,Brute Force Time,Heuristic,Heuristic Time
12,5,"7/test_v(5)_p([0.02, 0.6])_no(12).txt",2,0.005347490310668945,2,0.002617359161376953
7,15,"7/test_v(15)_p([0.02, 0.6])_no(7).txt",3,0.0290374755859375,3,0.004242897033691406
2,25,"7/test_v(25)_p([0.02, 0.6])_no(2).txt",4,0.09096527099609375,4,0.03522372245788574
17,25,"7/test_v(25)_p([0.02, 0.6])_no(17).txt",6,0.3200998306274414,6,0.1036992073059082
12,35,"7/test_v(35)_p([0.02, 0.6])_no(12).txt",4,0.30437707901000977,4,0.4573812484741211
7,45,"7/test_v(45)_p([0.02, 0.6])_no(7).txt",18,712.2536551952362,17,0.08312463760375977
2,55,"7/test_v(55)_p([0.02, 0.6])_no(2).txt",14,38.195191383361816,12,0.20421123504638672
17,55,"7/test_v(55)_p([0.02, 0.6])_no(17).txt",5,0.02946758270263672,5,0.6596693992614746
12,65,"7/test_v(65)_p([0.02, 0.6])_no(12).txt",5,0.10010409355163574,5,1.4646008014678955
