Test,Vertices,filename,Brute Force,Brute Force Time,Heuristic,Heuristic Time
8,5,"7/test_v(5)_p([0.02, 0.6])_no(8).txt",2,0.009975194931030273,2,0.003031492233276367
3,15,"7/test_v(15)_p([0.02, 0.6])_no(3).txt",8,0.0393071174621582,8,0.0015578269958496094
18,15,"7/test_v(15)_p([0.02, 0.6])_no(18).txt",4,0.012428522109985352,4,0.0065593719482421875
13,25,"7/test_v(25)_p([0.02, 0.6])_no(13).txt",4,0.08616924285888672,3,0.05132436752319336
8,35,"7/test_v(35)_p([0.02, 0.6])_no(8).txt",7,0.5611052513122559,7,0.11926627159118652
3,45,"7/test_v(45)_p([0.02, 0.6])_no(3).txt",19,935.6662471294403,19,0.09894800186157227
18,45,"7/test_v(45)_p([0.02, 0.6])_no(18).txt",8,0.34297633171081543,7,0.15337228775024414
13,55,"7/test_v(55)_p([0.02, 0.6])_no(13).txt",8,0.5389411449432373,8,0.36969876289367676
8,65,"7/test_v(65)_p([0.02, 0.6])_no(8).txt",5,0.08873391151428223,5,1.150362253189087
